username,user id,access hash,name,group,group id
Zulqarnain_ilham,1052242483,-6717697703436291520,zulqarnain ilham,SafeMoon,1355088422
,1862976203,4045781224866559201,Zamil Ali Begum,SafeMoon,1355088422
GeolZack,1753213560,6169227208982203857,Z O,SafeMoon,1355088422
,1870101825,2083437581594382846,Zuhaib Ahmad,SafeMoon,1355088422
zyy_coleWorld,522482622,896123641634984541,Zyyy K,SafeMoon,1355088422
,1612391532,8305208839659876656,Z,SafeMoon,1355088422
,1814471488,1512339545358604472,Zeron,SafeMoon,1355088422
jzamudio83,386988914,2265069065948710954,Julian Zamudio üá®üá¥,SafeMoon,1355088422
Zaimtoken,1160489841,-7509267519464982849,Zaim,SafeMoon,1355088422
,1414190710,2005909757671481810,wuji zhang,SafeMoon,1355088422
Loqmanz1992,705239610,1829731730977605359,Loqman.Z,SafeMoon,1355088422
Zarylanth,1383193627,-3235077985392056155,Zarylanth,SafeMoon,1355088422
zapfx,1793133456,321500036492905351,zapfx,SafeMoon,1355088422
,934601835,225096171925218652,Aiman Zin,SafeMoon,1355088422
zacksms,1701335650,-2732848717801790785,Zackery Butler,SafeMoon,1355088422
Mss_Independent,480528475,7503898678350242822,ZuZu,SafeMoon,1355088422
,1503725465,-7150480996178475307,Zlatco Tomici,SafeMoon,1355088422
ztintados,1779178270,-7731228276286251437,Rix Pli,SafeMoon,1355088422
,1499144048,-130241910590546037,Zvonko,SafeMoon,1355088422
,1768415556,907038836584571235,wei zhang,SafeMoon,1355088422
kim_zeller,1866491362,5622463397477155132,Kim Zeller,SafeMoon,1355088422
ToniZlatan,922002906,6490061070253241043,Toni Zlata,SafeMoon,1355088422
,1557448476,4190552473057238071,Zeeshan,SafeMoon,1355088422
,1879982919,-9054970479969525586,Zack,SafeMoon,1355088422
zomby_chicken,1762115228,2040654138411404285,Underslapped,SafeMoon,1355088422
zayax_official,447148531,4601567250833145090,Loran Gallati,SafeMoon,1355088422
,296862720,6149732296214258793,Zulayho Yusupovaüå∫üíó,SafeMoon,1355088422
Zraket,1795130475,-1486802104902363009,Ag Bp,SafeMoon,1355088422
zzzzzz678,997843824,-6064387824664217044,Mus,SafeMoon,1355088422
Zouzouzouzou,1431925960,8330813538068286990,Admin,SafeMoon,1355088422
,1781389279,4348029446924551509,K Z,SafeMoon,1355088422
Spectrezenn,305555534,-2770235289419264747,Zen BSB,SafeMoon,1355088422
zephyrxo,1895040288,8873144143730148311,marc,SafeMoon,1355088422
,1623929205,4164536665623436027,YuSUtQbvDnBGWS7l zDDpdPMdf2Aj4qU6,SafeMoon,1355088422
samo_fafo,1525154127,-5101673616512849,Zero Cool,SafeMoon,1355088422
nastiazabuha,161791806,1303472647489911678,Nastia Zabuha,SafeMoon,1355088422
,1408742823,4876470828234271066,H Z,SafeMoon,1355088422
Xrp_Doge_zil,1742044743,-8638436714097512245,Bernard,SafeMoon,1355088422
KOJAY3035,688220637,-1206357054951941108,Josiah Zapata,SafeMoon,1355088422
,1731102531,-8928786830039035440,Christopher Zaballa,SafeMoon,1355088422
mohammadreza_zohrevand,70177212,2928590546121249347,Mohammadreza Zohrevand,SafeMoon,1355088422
yzbaofu,1012621797,-6756233696996481963,z y,SafeMoon,1355088422
Sipbun,1479519919,-7065026990930694034,Yohanes Zhang,SafeMoon,1355088422
,1785717599,-6465359859121564981,Jamal Zanjani,SafeMoon,1355088422
,1593339488,6287838283458352977,Zee,SafeMoon,1355088422
ZI1004,575404975,6303835741005936770,^^,SafeMoon,1355088422
zouellette,450984865,-2465116494486988810,Zach O,SafeMoon,1355088422
zyexh,852755288,-7624169715967153144,Zoubir Je,SafeMoon,1355088422
,1327644325,866718193731425702,Zahraddin Hussain,SafeMoon,1355088422
htthddzx88,1759374478,2005738368322824416,zilun,SafeMoon,1355088422
ZenTrader,332965032,-7589674281530000360,Tuan Nguyen,SafeMoon,1355088422
,1758731567,-4031069100454423193,Zoo Zoo,SafeMoon,1355088422
ricardozago,538973500,-4021649891473892898,Ricardo Zago,SafeMoon,1355088422
,1067163766,9096289461685077310,Robin Zeist,SafeMoon,1355088422
,1821038426,7126844385972067704,Zhenyu Guo,SafeMoon,1355088422
Zakaria_lamech,1173267149,9195658046471518915,Zakaria Lamech,SafeMoon,1355088422
,1676262632,681952693064889708,Zorro,SafeMoon,1355088422
,1568819881,-6348351193060680155,Ony Zanfir,SafeMoon,1355088422
,1795776244,-8896689332167345597,Faisal Z,SafeMoon,1355088422
,1850513327,914860439368626740,Carl Z,SafeMoon,1355088422
,1665447925,-7356671793660378264,Zach,SafeMoon,1355088422
,968308210,-8121261731028613128,Ahmed Zeki ilban,SafeMoon,1355088422
Zapata38,185148632,-9220637122915462615,1 1,SafeMoon,1355088422
shanezak,1576221489,-4056200275507354504,Shane Zak,SafeMoon,1355088422
jzurimendi,411189592,-3343337110526495268,Jon Zurimendi,SafeMoon,1355088422
pamanzay,1622563123,-5501998926683550689,Pamela Tschanz-Zayadi,SafeMoon,1355088422
Nigga120,1689095457,1985660773990692932,Zoe Boy,SafeMoon,1355088422
,1827689092,785777407458066937,sameer zahid,SafeMoon,1355088422
Mitch_Z,829552289,-7025993546136800981,BeachMountain,SafeMoon,1355088422
,1644169714,337267964224071967,Tobias Z,SafeMoon,1355088422
endiekt,641481443,8801656281641033292,Bitcoin Now Zimbabwe,SafeMoon,1355088422
,1875353739,3064456073540528324,Z Khan,SafeMoon,1355088422
zbot_10,883338790,5326152051430886568,A,SafeMoon,1355088422
,1538243546,-7279867874240567920,Zshan,SafeMoon,1355088422
,1769500948,2407466835416761579,Zeni,SafeMoon,1355088422
Zachcrypto,1121660589,1546916625640420710,Zach,SafeMoon,1355088422
Zazaboss85,845524500,-6552764661514351999,Zazabosss,SafeMoon,1355088422
,1634198581,-4753304562420644734,Zero,SafeMoon,1355088422
,1763215463,6995794812721376013,Ali Zamani,SafeMoon,1355088422
,1839575230,5824273348390202751,Zooootz,SafeMoon,1355088422
,1756722976,3284623052507680587,Crypto Zam,SafeMoon,1355088422
zaeman71,965461977,-624640736833464954,zae man,SafeMoon,1355088422
,1728249852,-3011037783422214926,Matteo Zariatti,SafeMoon,1355088422
djz87,1646219018,2823004451169303631,Dani Z,SafeMoon,1355088422
,1690181840,-4744490301484369492,Zack L,SafeMoon,1355088422
,1021939171,2959767064350080785,zhang wenbing,SafeMoon,1355088422
,1795755934,-5590850177342398333,Al-Zayyad Nalado,SafeMoon,1355088422
,1631010813,4941797633609296132,Zaki,SafeMoon,1355088422
xxxxjohn,989963663,888287797928138122,zian,SafeMoon,1355088422
zeechabsyi,923070890,7604729975452998444,Z,SafeMoon,1355088422
,1889759135,-2933296249170602242,p z,SafeMoon,1355088422
,1663092867,4453902649455025082,Zen RubzQ,SafeMoon,1355088422
,1359381273,-8690017088110129145,Zen Zen,SafeMoon,1355088422
,1646757741,-451911958326607481,zeral Zeralicious,SafeMoon,1355088422
ZattySuen,1062867995,-4955013884979262710,Cristian Freitas,SafeMoon,1355088422
Safemoon_army,1241169497,5499601408863655699,Zone Crist,SafeMoon,1355088422
BlockRantai,1240608345,994833049635925336,A. Zul üá≤üáæ,SafeMoon,1355088422
zeeshanazmi,1643637864,-5749974444684877486,Zeeshan Ahmad,SafeMoon,1355088422
AnxiousHeat95,1645602379,8138274685260785679,Zach Cox,SafeMoon,1355088422
sofianzainudin,564631003,3910099009480052560,Sofian Zainudin,SafeMoon,1355088422
zackwang123,675184563,5956974544206984306,Zack Wang,SafeMoon,1355088422
,989844662,-4152341110371388084,Oded Zzzzz,SafeMoon,1355088422
Jacko989,573375151,-5227247362707075495,Zinhan Win,SafeMoon,1355088422
zilizhou,1796215726,-1661564542016537064,zili zhou,SafeMoon,1355088422
abc20211,1063430127,-5445976484138606423,zach tim,SafeMoon,1355088422
Zangetsu77,1423772048,-4595914740731966163,Jason Lobo,SafeMoon,1355088422
,1762794033,6884601789794212877,Z,SafeMoon,1355088422
,551873253,-5585021880111716308,zak,SafeMoon,1355088422
,1785907826,4014353545378670960,Dr.med Zaara,SafeMoon,1355088422
ZokiZoruleZvaniZozon,409756722,-7894134464175052140,Zoki Zorule Zvani Zozon,SafeMoon,1355088422
Zero_Skill,1031936360,-7256182142552786889,ZeroSkill,SafeMoon,1355088422
Airam_zet,956396419,7828555462818433548,AIRAM_ZET üáµüá≠ CSI,SafeMoon,1355088422
zaga8,685318292,6233844167649139404,ÿßŸäÿ∫Ÿàÿ± ÿßŸÑÿ≤ÿßÿ∫ÿ©,SafeMoon,1355088422
,1761857213,-1749322917422466163,Kristi Zhidro,SafeMoon,1355088422
,1758766164,9144356687351958956,Shah Zamin,SafeMoon,1355088422
randyungarox,742556915,6859274979689625959,bella zwan,SafeMoon,1355088422
,1740979693,1169852891397239572,Mario Zorovic,SafeMoon,1355088422
Dammyyo,1528422263,-349377736104882728,Zino Adekunle,SafeMoon,1355088422
,1522736869,7891621393886390449,Zaidu Madaki,SafeMoon,1355088422
,1561200841,348189263785775796,zzz,SafeMoon,1355088422
MarkusZ75,1316306524,-3598470152378795814,Markus Z.,SafeMoon,1355088422
,1872724863,-7753006847099301989,M Z,SafeMoon,1355088422
,1451505717,-259086296467350402,Yit zhak,SafeMoon,1355088422
,1212308439,3357000327228115308,V Z,SafeMoon,1355088422
,193089206,5340485563184517217,Andi firman ZlD,SafeMoon,1355088422
,1386575898,2651245067340817000,Ahmet Zengin,SafeMoon,1355088422
Hendrickzwee,1481277264,1623925941775854857,Hendrick Zwee,SafeMoon,1355088422
blackboy665,1225260675,7839117163109024809,M Zayedüáßüá©{Never dm you first},SafeMoon,1355088422
Zoran_nazran,1421467188,-2593245622775068134,zoran nazran,SafeMoon,1355088422
Gin_san02,1301409235,9110509236934101542,Zoro,SafeMoon,1355088422
,1883714317,-6676087786143434211,Zack Reiken,SafeMoon,1355088422
,482327775,-8388735162414692543,Elizabeth Zhang,SafeMoon,1355088422
zerodayeh,964406896,-4447506750572006718,zero day,SafeMoon,1355088422
zacci3s,1675881696,-8204719908933516269,Izac,SafeMoon,1355088422
,1727666611,7959295654288799907,Zug Zug,SafeMoon,1355088422
xibraa7,995403382,-8608591532008010770,Ibra ZH,SafeMoon,1355088422
Waynelila,1819999331,-2757170875623308095,Wayne Zzz,SafeMoon,1355088422
Mpzer,497446280,-2300918797359230000,Mp.zer,SafeMoon,1355088422
Zamir55,321224709,-9211524103537822562,Zamir Ismail,SafeMoon,1355088422
,1524266742,4043154543387041131,zm,SafeMoon,1355088422
,1748935593,5520949279104840774,Z K,SafeMoon,1355088422
Zandy93,1355336561,-2456815945177723818,zandy,SafeMoon,1355088422
Pneumazoe,1007102711,2456827150082522349,Chima Zoe,SafeMoon,1355088422
,1794873730,407021552526129213,Armands ≈Ωigus,SafeMoon,1355088422
zeeshan786malik,941487350,510822587947205653,·¥¢·¥á·¥áÍú± ú·¥Ä…¥ ·¥ç·¥Ä ü…™·¥ã,SafeMoon,1355088422
,1189626979,8536906085638935299,zero,SafeMoon,1355088422
,912885326,715494253951614888,Z,SafeMoon,1355088422
,1764743054,-7671729945946888307,Z,SafeMoon,1355088422
,956122292,861997465853971228,Zayed Shah,SafeMoon,1355088422
,1866090260,-6289345896444691230,Zoheb Khan,SafeMoon,1355088422
zero9111,419035204,5707361154048181345,Jae Hyun,SafeMoon,1355088422